id,updated,d_hour,d_createdflag,d_includecas,d_orderplacedstartdate,d_orderplacedenddate,d_reportid,d_company,d_orderplaceddate,d_responsetimeduedate,d_projecteddeliverydate,d_minuteslate,d_status
uuid:70c7cce7-48e2-46d5-a61e-f7cee2b4ad1b;id=762,2023-05-16T16:32:36Z,"{'type': 'edm.int32', 'm:type': 'Edm.Int32'}","{'type': 'edm.boolean', 'm:type': 'Edm.Boolean'}","{'type': 'edm.boolean', 'm:type': 'Edm.Boolean'}","{'type': 'edm.datetime', 'm:type': 'Edm.DateTime'}","{'type': 'edm.datetime', 'm:type': 'Edm.DateTime'}","{'type': 'edm.decimal', 'm:type': 'Edm.Decimal'}",State Farm Insurance,"{'type': 'edm.datetime', 'm:type': 'Edm.DateTime'}","{'type': 'edm.datetime', 'm:type': 'Edm.DateTime'}","{'type': 'edm.datetime', 'm:type': 'Edm.DateTime'}","{'type': 'edm.decimal', 'm:type': 'Edm.Decimal'}",InProcess-UnderReview
uuid:70c7cce7-48e2-46d5-a61e-f7cee2b4ad1b;id=763,2023-05-16T16:32:36Z,"{'type': 'edm.int32', 'm:type': 'Edm.Int32'}","{'type': 'edm.boolean', 'm:type': 'Edm.Boolean'}","{'type': 'edm.boolean', 'm:type': 'Edm.Boolean'}","{'type': 'edm.datetime', 'm:type': 'Edm.DateTime'}","{'type': 'edm.datetime', 'm:type': 'Edm.DateTime'}","{'type': 'edm.decimal', 'm:type': 'Edm.Decimal'}",State Farm Insurance,"{'type': 'edm.datetime', 'm:type': 'Edm.DateTime'}","{'type': 'edm.datetime', 'm:type': 'Edm.DateTime'}","{'type': 'edm.datetime', 'm:type': 'Edm.DateTime'}","{'type': 'edm.decimal', 'm:type': 'Edm.Decimal'}",InProcess-UnderReview
uuid:70c7cce7-48e2-46d5-a61e-f7cee2b4ad1b;id=764,2023-05-16T16:32:36Z,"{'type': 'edm.int32', 'm:type': 'Edm.Int32'}","{'type': 'edm.boolean', 'm:type': 'Edm.Boolean'}","{'type': 'edm.boolean', 'm:type': 'Edm.Boolean'}","{'type': 'edm.datetime', 'm:type': 'Edm.DateTime'}","{'type': 'edm.datetime', 'm:type': 'Edm.DateTime'}","{'type': 'edm.decimal', 'm:type': 'Edm.Decimal'}",State Farm Insurance,"{'type': 'edm.datetime', 'm:type': 'Edm.DateTime'}","{'type': 'edm.datetime', 'm:type': 'Edm.DateTime'}","{'type': 'edm.datetime', 'm:type': 'Edm.DateTime'}","{'type': 'edm.decimal', 'm:type': 'Edm.Decimal'}",InProcess-UnderReview
uuid:70c7cce7-48e2-46d5-a61e-f7cee2b4ad1b;id=765,2023-05-16T16:32:36Z,"{'type': 'edm.int32', 'm:type': 'Edm.Int32'}","{'type': 'edm.boolean', 'm:type': 'Edm.Boolean'}","{'type': 'edm.boolean', 'm:type': 'Edm.Boolean'}","{'type': 'edm.datetime', 'm:type': 'Edm.DateTime'}","{'type': 'edm.datetime', 'm:type': 'Edm.DateTime'}","{'type': 'edm.decimal', 'm:type': 'Edm.Decimal'}",State Farm Insurance,"{'type': 'edm.datetime', 'm:type': 'Edm.DateTime'}","{'type': 'edm.datetime', 'm:type': 'Edm.DateTime'}","{'type': 'edm.datetime', 'm:type': 'Edm.DateTime'}","{'type': 'edm.decimal', 'm:type': 'Edm.Decimal'}",InProcess-UnderReview
uuid:70c7cce7-48e2-46d5-a61e-f7cee2b4ad1b;id=766,2023-05-16T16:32:36Z,"{'type': 'edm.int32', 'm:type': 'Edm.Int32'}","{'type': 'edm.boolean', 'm:type': 'Edm.Boolean'}","{'type': 'edm.boolean', 'm:type': 'Edm.Boolean'}","{'type': 'edm.datetime', 'm:type': 'Edm.DateTime'}","{'type': 'edm.datetime', 'm:type': 'Edm.DateTime'}","{'type': 'edm.decimal', 'm:type': 'Edm.Decimal'}",State Farm Insurance,"{'type': 'edm.datetime', 'm:type': 'Edm.DateTime'}","{'type': 'edm.datetime', 'm:type': 'Edm.DateTime'}","{'type': 'edm.datetime', 'm:type': 'Edm.DateTime'}","{'type': 'edm.decimal', 'm:type': 'Edm.Decimal'}",InProcess-UnderReview
uuid:70c7cce7-48e2-46d5-a61e-f7cee2b4ad1b;id=767,2023-05-16T16:32:36Z,"{'type': 'edm.int32', 'm:type': 'Edm.Int32'}","{'type': 'edm.boolean', 'm:type': 'Edm.Boolean'}","{'type': 'edm.boolean', 'm:type': 'Edm.Boolean'}","{'type': 'edm.datetime', 'm:type': 'Edm.DateTime'}","{'type': 'edm.datetime', 'm:type': 'Edm.DateTime'}","{'type': 'edm.decimal', 'm:type': 'Edm.Decimal'}",State Farm Insurance,"{'type': 'edm.datetime', 'm:type': 'Edm.DateTime'}","{'type': 'edm.datetime', 'm:type': 'Edm.DateTime'}","{'type': 'edm.datetime', 'm:type': 'Edm.DateTime'}","{'type': 'edm.decimal', 'm:type': 'Edm.Decimal'}",InProcess-UnderReview
uuid:70c7cce7-48e2-46d5-a61e-f7cee2b4ad1b;id=768,2023-05-16T16:32:36Z,"{'type': 'edm.int32', 'm:type': 'Edm.Int32'}","{'type': 'edm.boolean', 'm:type': 'Edm.Boolean'}","{'type': 'edm.boolean', 'm:type': 'Edm.Boolean'}","{'type': 'edm.datetime', 'm:type': 'Edm.DateTime'}","{'type': 'edm.datetime', 'm:type': 'Edm.DateTime'}","{'type': 'edm.decimal', 'm:type': 'Edm.Decimal'}",State Farm Insurance,"{'type': 'edm.datetime', 'm:type': 'Edm.DateTime'}","{'type': 'edm.datetime', 'm:type': 'Edm.DateTime'}","{'type': 'edm.datetime', 'm:type': 'Edm.DateTime'}","{'type': 'edm.decimal', 'm:type': 'Edm.Decimal'}",InProcess-UnderReview
uuid:70c7cce7-48e2-46d5-a61e-f7cee2b4ad1b;id=769,2023-05-16T16:32:36Z,"{'type': 'edm.int32', 'm:type': 'Edm.Int32'}","{'type': 'edm.boolean', 'm:type': 'Edm.Boolean'}","{'type': 'edm.boolean', 'm:type': 'Edm.Boolean'}","{'type': 'edm.datetime', 'm:type': 'Edm.DateTime'}","{'type': 'edm.datetime', 'm:type': 'Edm.DateTime'}","{'type': 'edm.decimal', 'm:type': 'Edm.Decimal'}",State Farm Insurance,"{'type': 'edm.datetime', 'm:type': 'Edm.DateTime'}","{'type': 'edm.datetime', 'm:type': 'Edm.DateTime'}","{'type': 'edm.datetime', 'm:type': 'Edm.DateTime'}","{'type': 'edm.decimal', 'm:type': 'Edm.Decimal'}",InProcess-UnderReview
uuid:70c7cce7-48e2-46d5-a61e-f7cee2b4ad1b;id=770,2023-05-16T16:32:36Z,"{'type': 'edm.int32', 'm:type': 'Edm.Int32'}","{'type': 'edm.boolean', 'm:type': 'Edm.Boolean'}","{'type': 'edm.boolean', 'm:type': 'Edm.Boolean'}","{'type': 'edm.datetime', 'm:type': 'Edm.DateTime'}","{'type': 'edm.datetime', 'm:type': 'Edm.DateTime'}","{'type': 'edm.decimal', 'm:type': 'Edm.Decimal'}",State Farm Insurance,"{'type': 'edm.datetime', 'm:type': 'Edm.DateTime'}","{'type': 'edm.datetime', 'm:type': 'Edm.DateTime'}","{'type': 'edm.datetime', 'm:type': 'Edm.DateTime'}","{'type': 'edm.decimal', 'm:type': 'Edm.Decimal'}",InProcess-UnderReview
uuid:70c7cce7-48e2-46d5-a61e-f7cee2b4ad1b;id=771,2023-05-16T16:32:36Z,"{'type': 'edm.int32', 'm:type': 'Edm.Int32'}","{'type': 'edm.boolean', 'm:type': 'Edm.Boolean'}","{'type': 'edm.boolean', 'm:type': 'Edm.Boolean'}","{'type': 'edm.datetime', 'm:type': 'Edm.DateTime'}","{'type': 'edm.datetime', 'm:type': 'Edm.DateTime'}","{'type': 'edm.decimal', 'm:type': 'Edm.Decimal'}",State Farm Insurance,"{'type': 'edm.datetime', 'm:type': 'Edm.DateTime'}","{'type': 'edm.datetime', 'm:type': 'Edm.DateTime'}","{'type': 'edm.datetime', 'm:type': 'Edm.DateTime'}","{'type': 'edm.decimal', 'm:type': 'Edm.Decimal'}",Created-Xactware
uuid:70c7cce7-48e2-46d5-a61e-f7cee2b4ad1b;id=772,2023-05-16T16:32:36Z,"{'type': 'edm.int32', 'm:type': 'Edm.Int32'}","{'type': 'edm.boolean', 'm:type': 'Edm.Boolean'}","{'type': 'edm.boolean', 'm:type': 'Edm.Boolean'}","{'type': 'edm.datetime', 'm:type': 'Edm.DateTime'}","{'type': 'edm.datetime', 'm:type': 'Edm.DateTime'}","{'type': 'edm.decimal', 'm:type': 'Edm.Decimal'}",State Farm Insurance,"{'type': 'edm.datetime', 'm:type': 'Edm.DateTime'}","{'type': 'edm.datetime', 'm:type': 'Edm.DateTime'}","{'type': 'edm.datetime', 'm:type': 'Edm.DateTime'}","{'type': 'edm.decimal', 'm:type': 'Edm.Decimal'}",Created-Xactware
uuid:70c7cce7-48e2-46d5-a61e-f7cee2b4ad1b;id=773,2023-05-16T16:32:36Z,"{'type': 'edm.int32', 'm:type': 'Edm.Int32'}","{'type': 'edm.boolean', 'm:type': 'Edm.Boolean'}","{'type': 'edm.boolean', 'm:type': 'Edm.Boolean'}","{'type': 'edm.datetime', 'm:type': 'Edm.DateTime'}","{'type': 'edm.datetime', 'm:type': 'Edm.DateTime'}","{'type': 'edm.decimal', 'm:type': 'Edm.Decimal'}",State Farm Insurance,"{'type': 'edm.datetime', 'm:type': 'Edm.DateTime'}","{'type': 'edm.datetime', 'm:type': 'Edm.DateTime'}","{'type': 'edm.datetime', 'm:type': 'Edm.DateTime'}","{'type': 'edm.decimal', 'm:type': 'Edm.Decimal'}",Created-Xactware
uuid:70c7cce7-48e2-46d5-a61e-f7cee2b4ad1b;id=774,2023-05-16T16:32:36Z,"{'type': 'edm.int32', 'm:type': 'Edm.Int32'}","{'type': 'edm.boolean', 'm:type': 'Edm.Boolean'}","{'type': 'edm.boolean', 'm:type': 'Edm.Boolean'}","{'type': 'edm.datetime', 'm:type': 'Edm.DateTime'}","{'type': 'edm.datetime', 'm:type': 'Edm.DateTime'}","{'type': 'edm.decimal', 'm:type': 'Edm.Decimal'}",State Farm Insurance,"{'type': 'edm.datetime', 'm:type': 'Edm.DateTime'}","{'type': 'edm.datetime', 'm:type': 'Edm.DateTime'}","{'type': 'edm.datetime', 'm:type': 'Edm.DateTime'}","{'type': 'edm.decimal', 'm:type': 'Edm.Decimal'}",Created-Xactware
uuid:70c7cce7-48e2-46d5-a61e-f7cee2b4ad1b;id=775,2023-05-16T16:32:36Z,"{'type': 'edm.int32', 'm:type': 'Edm.Int32'}","{'type': 'edm.boolean', 'm:type': 'Edm.Boolean'}","{'type': 'edm.boolean', 'm:type': 'Edm.Boolean'}","{'type': 'edm.datetime', 'm:type': 'Edm.DateTime'}","{'type': 'edm.datetime', 'm:type': 'Edm.DateTime'}","{'type': 'edm.decimal', 'm:type': 'Edm.Decimal'}",Allstate Insurance,"{'type': 'edm.datetime', 'm:type': 'Edm.DateTime'}","{'type': 'edm.datetime', 'm:type': 'Edm.DateTime'}","{'type': 'edm.datetime', 'm:type': 'Edm.DateTime'}","{'type': 'edm.decimal', 'm:type': 'Edm.Decimal'}",Created-Xactware
uuid:70c7cce7-48e2-46d5-a61e-f7cee2b4ad1b;id=776,2023-05-16T16:32:36Z,"{'type': 'edm.int32', 'm:type': 'Edm.Int32'}","{'type': 'edm.boolean', 'm:type': 'Edm.Boolean'}","{'type': 'edm.boolean', 'm:type': 'Edm.Boolean'}","{'type': 'edm.datetime', 'm:type': 'Edm.DateTime'}","{'type': 'edm.datetime', 'm:type': 'Edm.DateTime'}","{'type': 'edm.decimal', 'm:type': 'Edm.Decimal'}",State Farm Insurance,"{'type': 'edm.datetime', 'm:type': 'Edm.DateTime'}","{'type': 'edm.datetime', 'm:type': 'Edm.DateTime'}","{'type': 'edm.datetime', 'm:type': 'Edm.DateTime'}","{'type': 'edm.decimal', 'm:type': 'Edm.Decimal'}",Created-Xactware
uuid:70c7cce7-48e2-46d5-a61e-f7cee2b4ad1b;id=777,2023-05-16T16:32:36Z,"{'type': 'edm.int32', 'm:type': 'Edm.Int32'}","{'type': 'edm.boolean', 'm:type': 'Edm.Boolean'}","{'type': 'edm.boolean', 'm:type': 'Edm.Boolean'}","{'type': 'edm.datetime', 'm:type': 'Edm.DateTime'}","{'type': 'edm.datetime', 'm:type': 'Edm.DateTime'}","{'type': 'edm.decimal', 'm:type': 'Edm.Decimal'}",State Farm Insurance,"{'type': 'edm.datetime', 'm:type': 'Edm.DateTime'}","{'type': 'edm.datetime', 'm:type': 'Edm.DateTime'}","{'type': 'edm.datetime', 'm:type': 'Edm.DateTime'}","{'type': 'edm.decimal', 'm:type': 'Edm.Decimal'}",Created-Xactware
uuid:70c7cce7-48e2-46d5-a61e-f7cee2b4ad1b;id=778,2023-05-16T16:32:36Z,"{'type': 'edm.int32', 'm:type': 'Edm.Int32'}","{'type': 'edm.boolean', 'm:type': 'Edm.Boolean'}","{'type': 'edm.boolean', 'm:type': 'Edm.Boolean'}","{'type': 'edm.datetime', 'm:type': 'Edm.DateTime'}","{'type': 'edm.datetime', 'm:type': 'Edm.DateTime'}","{'type': 'edm.decimal', 'm:type': 'Edm.Decimal'}",Nationwide Insurance,"{'type': 'edm.datetime', 'm:type': 'Edm.DateTime'}","{'type': 'edm.datetime', 'm:type': 'Edm.DateTime'}","{'type': 'edm.datetime', 'm:type': 'Edm.DateTime'}","{'type': 'edm.decimal', 'm:type': 'Edm.Decimal'}",Created-Xactware
uuid:70c7cce7-48e2-46d5-a61e-f7cee2b4ad1b;id=779,2023-05-16T16:32:36Z,"{'type': 'edm.int32', 'm:type': 'Edm.Int32'}","{'type': 'edm.boolean', 'm:type': 'Edm.Boolean'}","{'type': 'edm.boolean', 'm:type': 'Edm.Boolean'}","{'type': 'edm.datetime', 'm:type': 'Edm.DateTime'}","{'type': 'edm.datetime', 'm:type': 'Edm.DateTime'}","{'type': 'edm.decimal', 'm:type': 'Edm.Decimal'}",Nationwide Insurance,"{'type': 'edm.datetime', 'm:type': 'Edm.DateTime'}","{'type': 'edm.datetime', 'm:type': 'Edm.DateTime'}","{'type': 'edm.datetime', 'm:type': 'Edm.DateTime'}","{'type': 'edm.decimal', 'm:type': 'Edm.Decimal'}",Created-Xactware
uuid:70c7cce7-48e2-46d5-a61e-f7cee2b4ad1b;id=780,2023-05-16T16:32:36Z,"{'type': 'edm.int32', 'm:type': 'Edm.Int32'}","{'type': 'edm.boolean', 'm:type': 'Edm.Boolean'}","{'type': 'edm.boolean', 'm:type': 'Edm.Boolean'}","{'type': 'edm.datetime', 'm:type': 'Edm.DateTime'}","{'type': 'edm.datetime', 'm:type': 'Edm.DateTime'}","{'type': 'edm.decimal', 'm:type': 'Edm.Decimal'}",Nationwide Insurance,"{'type': 'edm.datetime', 'm:type': 'Edm.DateTime'}","{'type': 'edm.datetime', 'm:type': 'Edm.DateTime'}","{'type': 'edm.datetime', 'm:type': 'Edm.DateTime'}","{'type': 'edm.decimal', 'm:type': 'Edm.Decimal'}",Created-Lautriv
uuid:70c7cce7-48e2-46d5-a61e-f7cee2b4ad1b;id=781,2023-05-16T16:32:36Z,"{'type': 'edm.int32', 'm:type': 'Edm.Int32'}","{'type': 'edm.boolean', 'm:type': 'Edm.Boolean'}","{'type': 'edm.boolean', 'm:type': 'Edm.Boolean'}","{'type': 'edm.datetime', 'm:type': 'Edm.DateTime'}","{'type': 'edm.datetime', 'm:type': 'Edm.DateTime'}","{'type': 'edm.decimal', 'm:type': 'Edm.Decimal'}",Halliwell Engineering,"{'type': 'edm.datetime', 'm:type': 'Edm.DateTime'}","{'type': 'edm.datetime', 'm:type': 'Edm.DateTime'}","{'type': 'edm.datetime', 'm:type': 'Edm.DateTime'}","{'type': 'edm.decimal', 'm:type': 'Edm.Decimal'}",InProcess-UnderReview
uuid:70c7cce7-48e2-46d5-a61e-f7cee2b4ad1b;id=782,2023-05-16T16:32:36Z,"{'type': 'edm.int32', 'm:type': 'Edm.Int32'}","{'type': 'edm.boolean', 'm:type': 'Edm.Boolean'}","{'type': 'edm.boolean', 'm:type': 'Edm.Boolean'}","{'type': 'edm.datetime', 'm:type': 'Edm.DateTime'}","{'type': 'edm.datetime', 'm:type': 'Edm.DateTime'}","{'type': 'edm.decimal', 'm:type': 'Edm.Decimal'}",Nationwide Insurance,"{'type': 'edm.datetime', 'm:type': 'Edm.DateTime'}","{'type': 'edm.datetime', 'm:type': 'Edm.DateTime'}","{'type': 'edm.datetime', 'm:type': 'Edm.DateTime'}","{'type': 'edm.decimal', 'm:type': 'Edm.Decimal'}",Created-Xactware
uuid:70c7cce7-48e2-46d5-a61e-f7cee2b4ad1b;id=783,2023-05-16T16:32:36Z,"{'type': 'edm.int32', 'm:type': 'Edm.Int32'}","{'type': 'edm.boolean', 'm:type': 'Edm.Boolean'}","{'type': 'edm.boolean', 'm:type': 'Edm.Boolean'}","{'type': 'edm.datetime', 'm:type': 'Edm.DateTime'}","{'type': 'edm.datetime', 'm:type': 'Edm.DateTime'}","{'type': 'edm.decimal', 'm:type': 'Edm.Decimal'}",State Farm Insurance,"{'type': 'edm.datetime', 'm:type': 'Edm.DateTime'}","{'type': 'edm.datetime', 'm:type': 'Edm.DateTime'}","{'type': 'edm.datetime', 'm:type': 'Edm.DateTime'}","{'type': 'edm.decimal', 'm:type': 'Edm.Decimal'}",Created-Xactware
uuid:70c7cce7-48e2-46d5-a61e-f7cee2b4ad1b;id=784,2023-05-16T16:32:36Z,"{'type': 'edm.int32', 'm:type': 'Edm.Int32'}","{'type': 'edm.boolean', 'm:type': 'Edm.Boolean'}","{'type': 'edm.boolean', 'm:type': 'Edm.Boolean'}","{'type': 'edm.datetime', 'm:type': 'Edm.DateTime'}","{'type': 'edm.datetime', 'm:type': 'Edm.DateTime'}","{'type': 'edm.decimal', 'm:type': 'Edm.Decimal'}",Allstate Insurance,"{'type': 'edm.datetime', 'm:type': 'Edm.DateTime'}","{'type': 'edm.datetime', 'm:type': 'Edm.DateTime'}","{'type': 'edm.datetime', 'm:type': 'Edm.DateTime'}","{'type': 'edm.decimal', 'm:type': 'Edm.Decimal'}",Created-Xactware
uuid:70c7cce7-48e2-46d5-a61e-f7cee2b4ad1b;id=785,2023-05-16T16:32:36Z,"{'type': 'edm.int32', 'm:type': 'Edm.Int32'}","{'type': 'edm.boolean', 'm:type': 'Edm.Boolean'}","{'type': 'edm.boolean', 'm:type': 'Edm.Boolean'}","{'type': 'edm.datetime', 'm:type': 'Edm.DateTime'}","{'type': 'edm.datetime', 'm:type': 'Edm.DateTime'}","{'type': 'edm.decimal', 'm:type': 'Edm.Decimal'}",Cjwhiteford Roofing,"{'type': 'edm.datetime', 'm:type': 'Edm.DateTime'}","{'type': 'edm.datetime', 'm:type': 'Edm.DateTime'}","{'type': 'edm.datetime', 'm:type': 'Edm.DateTime'}","{'type': 'edm.decimal', 'm:type': 'Edm.Decimal'}",InProcess-UnderReview
uuid:70c7cce7-48e2-46d5-a61e-f7cee2b4ad1b;id=786,2023-05-16T16:32:36Z,"{'type': 'edm.int32', 'm:type': 'Edm.Int32'}","{'type': 'edm.boolean', 'm:type': 'Edm.Boolean'}","{'type': 'edm.boolean', 'm:type': 'Edm.Boolean'}","{'type': 'edm.datetime', 'm:type': 'Edm.DateTime'}","{'type': 'edm.datetime', 'm:type': 'Edm.DateTime'}","{'type': 'edm.decimal', 'm:type': 'Edm.Decimal'}",Atlas Roofing,"{'type': 'edm.datetime', 'm:type': 'Edm.DateTime'}","{'type': 'edm.datetime', 'm:type': 'Edm.DateTime'}","{'type': 'edm.datetime', 'm:type': 'Edm.DateTime'}","{'type': 'edm.decimal', 'm:type': 'Edm.Decimal'}",InProcess-UnderReview
uuid:70c7cce7-48e2-46d5-a61e-f7cee2b4ad1b;id=787,2023-05-16T16:32:36Z,"{'type': 'edm.int32', 'm:type': 'Edm.Int32'}","{'type': 'edm.boolean', 'm:type': 'Edm.Boolean'}","{'type': 'edm.boolean', 'm:type': 'Edm.Boolean'}","{'type': 'edm.datetime', 'm:type': 'Edm.DateTime'}","{'type': 'edm.datetime', 'm:type': 'Edm.DateTime'}","{'type': 'edm.decimal', 'm:type': 'Edm.Decimal'}",Atlas Roofing,"{'type': 'edm.datetime', 'm:type': 'Edm.DateTime'}","{'type': 'edm.datetime', 'm:type': 'Edm.DateTime'}","{'type': 'edm.datetime', 'm:type': 'Edm.DateTime'}","{'type': 'edm.decimal', 'm:type': 'Edm.Decimal'}",InProcess-UnderReview
uuid:70c7cce7-48e2-46d5-a61e-f7cee2b4ad1b;id=788,2023-05-16T16:32:36Z,"{'type': 'edm.int32', 'm:type': 'Edm.Int32'}","{'type': 'edm.boolean', 'm:type': 'Edm.Boolean'}","{'type': 'edm.boolean', 'm:type': 'Edm.Boolean'}","{'type': 'edm.datetime', 'm:type': 'Edm.DateTime'}","{'type': 'edm.datetime', 'm:type': 'Edm.DateTime'}","{'type': 'edm.decimal', 'm:type': 'Edm.Decimal'}",Atlas Roofing,"{'type': 'edm.datetime', 'm:type': 'Edm.DateTime'}","{'type': 'edm.datetime', 'm:type': 'Edm.DateTime'}","{'type': 'edm.datetime', 'm:type': 'Edm.DateTime'}","{'type': 'edm.decimal', 'm:type': 'Edm.Decimal'}",InProcess-UnderReview
uuid:70c7cce7-48e2-46d5-a61e-f7cee2b4ad1b;id=789,2023-05-16T16:32:36Z,"{'type': 'edm.int32', 'm:type': 'Edm.Int32'}","{'type': 'edm.boolean', 'm:type': 'Edm.Boolean'}","{'type': 'edm.boolean', 'm:type': 'Edm.Boolean'}","{'type': 'edm.datetime', 'm:type': 'Edm.DateTime'}","{'type': 'edm.datetime', 'm:type': 'Edm.DateTime'}","{'type': 'edm.decimal', 'm:type': 'Edm.Decimal'}",Atlas Roofing,"{'type': 'edm.datetime', 'm:type': 'Edm.DateTime'}","{'type': 'edm.datetime', 'm:type': 'Edm.DateTime'}","{'type': 'edm.datetime', 'm:type': 'Edm.DateTime'}","{'type': 'edm.decimal', 'm:type': 'Edm.Decimal'}",InProcess-UnderReview
uuid:70c7cce7-48e2-46d5-a61e-f7cee2b4ad1b;id=790,2023-05-16T16:32:36Z,"{'type': 'edm.int32', 'm:type': 'Edm.Int32'}","{'type': 'edm.boolean', 'm:type': 'Edm.Boolean'}","{'type': 'edm.boolean', 'm:type': 'Edm.Boolean'}","{'type': 'edm.datetime', 'm:type': 'Edm.DateTime'}","{'type': 'edm.datetime', 'm:type': 'Edm.DateTime'}","{'type': 'edm.decimal', 'm:type': 'Edm.Decimal'}",Atlas Roofing,"{'type': 'edm.datetime', 'm:type': 'Edm.DateTime'}","{'type': 'edm.datetime', 'm:type': 'Edm.DateTime'}","{'type': 'edm.datetime', 'm:type': 'Edm.DateTime'}","{'type': 'edm.decimal', 'm:type': 'Edm.Decimal'}",InProcess-UnderReview
uuid:70c7cce7-48e2-46d5-a61e-f7cee2b4ad1b;id=791,2023-05-16T16:32:36Z,"{'type': 'edm.int32', 'm:type': 'Edm.Int32'}","{'type': 'edm.boolean', 'm:type': 'Edm.Boolean'}","{'type': 'edm.boolean', 'm:type': 'Edm.Boolean'}","{'type': 'edm.datetime', 'm:type': 'Edm.DateTime'}","{'type': 'edm.datetime', 'm:type': 'Edm.DateTime'}","{'type': 'edm.decimal', 'm:type': 'Edm.Decimal'}",Allstate Insurance,"{'type': 'edm.datetime', 'm:type': 'Edm.DateTime'}","{'type': 'edm.datetime', 'm:type': 'Edm.DateTime'}","{'type': 'edm.datetime', 'm:type': 'Edm.DateTime'}","{'type': 'edm.decimal', 'm:type': 'Edm.Decimal'}",Created-Xactware
uuid:70c7cce7-48e2-46d5-a61e-f7cee2b4ad1b;id=792,2023-05-16T16:32:36Z,"{'type': 'edm.int32', 'm:type': 'Edm.Int32'}","{'type': 'edm.boolean', 'm:type': 'Edm.Boolean'}","{'type': 'edm.boolean', 'm:type': 'Edm.Boolean'}","{'type': 'edm.datetime', 'm:type': 'Edm.DateTime'}","{'type': 'edm.datetime', 'm:type': 'Edm.DateTime'}","{'type': 'edm.decimal', 'm:type': 'Edm.Decimal'}",Granado Tile Roofing & Contruction,"{'type': 'edm.datetime', 'm:type': 'Edm.DateTime'}","{'type': 'edm.datetime', 'm:type': 'Edm.DateTime'}","{'type': 'edm.datetime', 'm:type': 'Edm.DateTime'}","{'type': 'edm.decimal', 'm:type': 'Edm.Decimal'}",Created-Customer
uuid:70c7cce7-48e2-46d5-a61e-f7cee2b4ad1b;id=793,2023-05-16T16:32:36Z,"{'type': 'edm.int32', 'm:type': 'Edm.Int32'}","{'type': 'edm.boolean', 'm:type': 'Edm.Boolean'}","{'type': 'edm.boolean', 'm:type': 'Edm.Boolean'}","{'type': 'edm.datetime', 'm:type': 'Edm.DateTime'}","{'type': 'edm.datetime', 'm:type': 'Edm.DateTime'}","{'type': 'edm.decimal', 'm:type': 'Edm.Decimal'}",Structured Roofing Systems,"{'type': 'edm.datetime', 'm:type': 'Edm.DateTime'}","{'type': 'edm.datetime', 'm:type': 'Edm.DateTime'}","{'type': 'edm.datetime', 'm:type': 'Edm.DateTime'}","{'type': 'edm.decimal', 'm:type': 'Edm.Decimal'}",Created-Customer
uuid:70c7cce7-48e2-46d5-a61e-f7cee2b4ad1b;id=794,2023-05-16T16:32:36Z,"{'type': 'edm.int32', 'm:type': 'Edm.Int32'}","{'type': 'edm.boolean', 'm:type': 'Edm.Boolean'}","{'type': 'edm.boolean', 'm:type': 'Edm.Boolean'}","{'type': 'edm.datetime', 'm:type': 'Edm.DateTime'}","{'type': 'edm.datetime', 'm:type': 'Edm.DateTime'}","{'type': 'edm.decimal', 'm:type': 'Edm.Decimal'}",State Farm Insurance,"{'type': 'edm.datetime', 'm:type': 'Edm.DateTime'}","{'type': 'edm.datetime', 'm:type': 'Edm.DateTime'}","{'type': 'edm.datetime', 'm:type': 'Edm.DateTime'}","{'type': 'edm.decimal', 'm:type': 'Edm.Decimal'}",Created-Xactware
uuid:70c7cce7-48e2-46d5-a61e-f7cee2b4ad1b;id=795,2023-05-16T16:32:36Z,"{'type': 'edm.int32', 'm:type': 'Edm.Int32'}","{'type': 'edm.boolean', 'm:type': 'Edm.Boolean'}","{'type': 'edm.boolean', 'm:type': 'Edm.Boolean'}","{'type': 'edm.datetime', 'm:type': 'Edm.DateTime'}","{'type': 'edm.datetime', 'm:type': 'Edm.DateTime'}","{'type': 'edm.decimal', 'm:type': 'Edm.Decimal'}",Idaho Roofing Contractors,"{'type': 'edm.datetime', 'm:type': 'Edm.DateTime'}","{'type': 'edm.datetime', 'm:type': 'Edm.DateTime'}","{'type': 'edm.datetime', 'm:type': 'Edm.DateTime'}","{'type': 'edm.decimal', 'm:type': 'Edm.Decimal'}",Created-Customer
uuid:70c7cce7-48e2-46d5-a61e-f7cee2b4ad1b;id=796,2023-05-16T16:32:36Z,"{'type': 'edm.int32', 'm:type': 'Edm.Int32'}","{'type': 'edm.boolean', 'm:type': 'Edm.Boolean'}","{'type': 'edm.boolean', 'm:type': 'Edm.Boolean'}","{'type': 'edm.datetime', 'm:type': 'Edm.DateTime'}","{'type': 'edm.datetime', 'm:type': 'Edm.DateTime'}","{'type': 'edm.decimal', 'm:type': 'Edm.Decimal'}",Power Home Remodeling Group,"{'type': 'edm.datetime', 'm:type': 'Edm.DateTime'}","{'type': 'edm.datetime', 'm:type': 'Edm.DateTime'}","{'type': 'edm.datetime', 'm:type': 'Edm.DateTime'}","{'type': 'edm.decimal', 'm:type': 'Edm.Decimal'}",Created-Customer
uuid:70c7cce7-48e2-46d5-a61e-f7cee2b4ad1b;id=797,2023-05-16T16:32:36Z,"{'type': 'edm.int32', 'm:type': 'Edm.Int32'}","{'type': 'edm.boolean', 'm:type': 'Edm.Boolean'}","{'type': 'edm.boolean', 'm:type': 'Edm.Boolean'}","{'type': 'edm.datetime', 'm:type': 'Edm.DateTime'}","{'type': 'edm.datetime', 'm:type': 'Edm.DateTime'}","{'type': 'edm.decimal', 'm:type': 'Edm.Decimal'}",ANR Roofing & Solar,"{'type': 'edm.datetime', 'm:type': 'Edm.DateTime'}","{'type': 'edm.datetime', 'm:type': 'Edm.DateTime'}","{'type': 'edm.datetime', 'm:type': 'Edm.DateTime'}","{'type': 'edm.decimal', 'm:type': 'Edm.Decimal'}",Created-Customer
uuid:70c7cce7-48e2-46d5-a61e-f7cee2b4ad1b;id=798,2023-05-16T16:32:36Z,"{'type': 'edm.int32', 'm:type': 'Edm.Int32'}","{'type': 'edm.boolean', 'm:type': 'Edm.Boolean'}","{'type': 'edm.boolean', 'm:type': 'Edm.Boolean'}","{'type': 'edm.datetime', 'm:type': 'Edm.DateTime'}","{'type': 'edm.datetime', 'm:type': 'Edm.DateTime'}","{'type': 'edm.decimal', 'm:type': 'Edm.Decimal'}",Melo Construction LLC,"{'type': 'edm.datetime', 'm:type': 'Edm.DateTime'}","{'type': 'edm.datetime', 'm:type': 'Edm.DateTime'}","{'type': 'edm.datetime', 'm:type': 'Edm.DateTime'}","{'type': 'edm.decimal', 'm:type': 'Edm.Decimal'}",Created-Customer
uuid:70c7cce7-48e2-46d5-a61e-f7cee2b4ad1b;id=799,2023-05-16T16:32:36Z,"{'type': 'edm.int32', 'm:type': 'Edm.Int32'}","{'type': 'edm.boolean', 'm:type': 'Edm.Boolean'}","{'type': 'edm.boolean', 'm:type': 'Edm.Boolean'}","{'type': 'edm.datetime', 'm:type': 'Edm.DateTime'}","{'type': 'edm.datetime', 'm:type': 'Edm.DateTime'}","{'type': 'edm.decimal', 'm:type': 'Edm.Decimal'}",Power Home Remodeling Group,"{'type': 'edm.datetime', 'm:type': 'Edm.DateTime'}","{'type': 'edm.datetime', 'm:type': 'Edm.DateTime'}","{'type': 'edm.datetime', 'm:type': 'Edm.DateTime'}","{'type': 'edm.decimal', 'm:type': 'Edm.Decimal'}",Created-Customer
uuid:70c7cce7-48e2-46d5-a61e-f7cee2b4ad1b;id=800,2023-05-16T16:32:36Z,"{'type': 'edm.int32', 'm:type': 'Edm.Int32'}","{'type': 'edm.boolean', 'm:type': 'Edm.Boolean'}","{'type': 'edm.boolean', 'm:type': 'Edm.Boolean'}","{'type': 'edm.datetime', 'm:type': 'Edm.DateTime'}","{'type': 'edm.datetime', 'm:type': 'Edm.DateTime'}","{'type': 'edm.decimal', 'm:type': 'Edm.Decimal'}",Power Home Remodeling Group,"{'type': 'edm.datetime', 'm:type': 'Edm.DateTime'}","{'type': 'edm.datetime', 'm:type': 'Edm.DateTime'}","{'type': 'edm.datetime', 'm:type': 'Edm.DateTime'}","{'type': 'edm.decimal', 'm:type': 'Edm.Decimal'}",Created-Customer
uuid:70c7cce7-48e2-46d5-a61e-f7cee2b4ad1b;id=801,2023-05-16T16:32:36Z,"{'type': 'edm.int32', 'm:type': 'Edm.Int32'}","{'type': 'edm.boolean', 'm:type': 'Edm.Boolean'}","{'type': 'edm.boolean', 'm:type': 'Edm.Boolean'}","{'type': 'edm.datetime', 'm:type': 'Edm.DateTime'}","{'type': 'edm.datetime', 'm:type': 'Edm.DateTime'}","{'type': 'edm.decimal', 'm:type': 'Edm.Decimal'}",Skyview Roofing LLC,"{'type': 'edm.datetime', 'm:type': 'Edm.DateTime'}","{'type': 'edm.datetime', 'm:type': 'Edm.DateTime'}","{'type': 'edm.datetime', 'm:type': 'Edm.DateTime'}","{'type': 'edm.decimal', 'm:type': 'Edm.Decimal'}",Created-Customer
uuid:70c7cce7-48e2-46d5-a61e-f7cee2b4ad1b;id=802,2023-05-16T16:32:36Z,"{'type': 'edm.int32', 'm:type': 'Edm.Int32'}","{'type': 'edm.boolean', 'm:type': 'Edm.Boolean'}","{'type': 'edm.boolean', 'm:type': 'Edm.Boolean'}","{'type': 'edm.datetime', 'm:type': 'Edm.DateTime'}","{'type': 'edm.datetime', 'm:type': 'Edm.DateTime'}","{'type': 'edm.decimal', 'm:type': 'Edm.Decimal'}",JIK,"{'type': 'edm.datetime', 'm:type': 'Edm.DateTime'}","{'type': 'edm.datetime', 'm:type': 'Edm.DateTime'}","{'type': 'edm.datetime', 'm:type': 'Edm.DateTime'}","{'type': 'edm.decimal', 'm:type': 'Edm.Decimal'}",Created-Customer
uuid:70c7cce7-48e2-46d5-a61e-f7cee2b4ad1b;id=803,2023-05-16T16:32:36Z,"{'type': 'edm.int32', 'm:type': 'Edm.Int32'}","{'type': 'edm.boolean', 'm:type': 'Edm.Boolean'}","{'type': 'edm.boolean', 'm:type': 'Edm.Boolean'}","{'type': 'edm.datetime', 'm:type': 'Edm.DateTime'}","{'type': 'edm.datetime', 'm:type': 'Edm.DateTime'}","{'type': 'edm.decimal', 'm:type': 'Edm.Decimal'}",Better Roofing,"{'type': 'edm.datetime', 'm:type': 'Edm.DateTime'}","{'type': 'edm.datetime', 'm:type': 'Edm.DateTime'}","{'type': 'edm.datetime', 'm:type': 'Edm.DateTime'}","{'type': 'edm.decimal', 'm:type': 'Edm.Decimal'}",Created-Customer
uuid:70c7cce7-48e2-46d5-a61e-f7cee2b4ad1b;id=804,2023-05-16T16:32:36Z,"{'type': 'edm.int32', 'm:type': 'Edm.Int32'}","{'type': 'edm.boolean', 'm:type': 'Edm.Boolean'}","{'type': 'edm.boolean', 'm:type': 'Edm.Boolean'}","{'type': 'edm.datetime', 'm:type': 'Edm.DateTime'}","{'type': 'edm.datetime', 'm:type': 'Edm.DateTime'}","{'type': 'edm.decimal', 'm:type': 'Edm.Decimal'}",Eagles Roofing Home Service,"{'type': 'edm.datetime', 'm:type': 'Edm.DateTime'}","{'type': 'edm.datetime', 'm:type': 'Edm.DateTime'}","{'type': 'edm.datetime', 'm:type': 'Edm.DateTime'}","{'type': 'edm.decimal', 'm:type': 'Edm.Decimal'}",Created-Customer
uuid:70c7cce7-48e2-46d5-a61e-f7cee2b4ad1b;id=805,2023-05-16T16:32:36Z,"{'type': 'edm.int32', 'm:type': 'Edm.Int32'}","{'type': 'edm.boolean', 'm:type': 'Edm.Boolean'}","{'type': 'edm.boolean', 'm:type': 'Edm.Boolean'}","{'type': 'edm.datetime', 'm:type': 'Edm.DateTime'}","{'type': 'edm.datetime', 'm:type': 'Edm.DateTime'}","{'type': 'edm.decimal', 'm:type': 'Edm.Decimal'}",Second to None Inc.,"{'type': 'edm.datetime', 'm:type': 'Edm.DateTime'}","{'type': 'edm.datetime', 'm:type': 'Edm.DateTime'}","{'type': 'edm.datetime', 'm:type': 'Edm.DateTime'}","{'type': 'edm.decimal', 'm:type': 'Edm.Decimal'}",Created-Customer
uuid:70c7cce7-48e2-46d5-a61e-f7cee2b4ad1b;id=806,2023-05-16T16:32:36Z,"{'type': 'edm.int32', 'm:type': 'Edm.Int32'}","{'type': 'edm.boolean', 'm:type': 'Edm.Boolean'}","{'type': 'edm.boolean', 'm:type': 'Edm.Boolean'}","{'type': 'edm.datetime', 'm:type': 'Edm.DateTime'}","{'type': 'edm.datetime', 'm:type': 'Edm.DateTime'}","{'type': 'edm.decimal', 'm:type': 'Edm.Decimal'}",Allstate Insurance,"{'type': 'edm.datetime', 'm:type': 'Edm.DateTime'}","{'type': 'edm.datetime', 'm:type': 'Edm.DateTime'}","{'type': 'edm.datetime', 'm:type': 'Edm.DateTime'}","{'type': 'edm.decimal', 'm:type': 'Edm.Decimal'}",Created-Xactware
uuid:70c7cce7-48e2-46d5-a61e-f7cee2b4ad1b;id=807,2023-05-16T16:32:36Z,"{'type': 'edm.int32', 'm:type': 'Edm.Int32'}","{'type': 'edm.boolean', 'm:type': 'Edm.Boolean'}","{'type': 'edm.boolean', 'm:type': 'Edm.Boolean'}","{'type': 'edm.datetime', 'm:type': 'Edm.DateTime'}","{'type': 'edm.datetime', 'm:type': 'Edm.DateTime'}","{'type': 'edm.decimal', 'm:type': 'Edm.Decimal'}",Farmers Insurance,"{'type': 'edm.datetime', 'm:type': 'Edm.DateTime'}","{'type': 'edm.datetime', 'm:type': 'Edm.DateTime'}","{'type': 'edm.datetime', 'm:type': 'Edm.DateTime'}","{'type': 'edm.decimal', 'm:type': 'Edm.Decimal'}",Created-Xactware
uuid:70c7cce7-48e2-46d5-a61e-f7cee2b4ad1b;id=808,2023-05-16T16:32:36Z,"{'type': 'edm.int32', 'm:type': 'Edm.Int32'}","{'type': 'edm.boolean', 'm:type': 'Edm.Boolean'}","{'type': 'edm.boolean', 'm:type': 'Edm.Boolean'}","{'type': 'edm.datetime', 'm:type': 'Edm.DateTime'}","{'type': 'edm.datetime', 'm:type': 'Edm.DateTime'}","{'type': 'edm.decimal', 'm:type': 'Edm.Decimal'}",Allstate Insurance,"{'type': 'edm.datetime', 'm:type': 'Edm.DateTime'}","{'type': 'edm.datetime', 'm:type': 'Edm.DateTime'}","{'type': 'edm.datetime', 'm:type': 'Edm.DateTime'}","{'type': 'edm.decimal', 'm:type': 'Edm.Decimal'}",Created-Xactware
uuid:70c7cce7-48e2-46d5-a61e-f7cee2b4ad1b;id=809,2023-05-16T16:32:36Z,"{'type': 'edm.int32', 'm:type': 'Edm.Int32'}","{'type': 'edm.boolean', 'm:type': 'Edm.Boolean'}","{'type': 'edm.boolean', 'm:type': 'Edm.Boolean'}","{'type': 'edm.datetime', 'm:type': 'Edm.DateTime'}","{'type': 'edm.datetime', 'm:type': 'Edm.DateTime'}","{'type': 'edm.decimal', 'm:type': 'Edm.Decimal'}",Allstate Insurance,"{'type': 'edm.datetime', 'm:type': 'Edm.DateTime'}","{'type': 'edm.datetime', 'm:type': 'Edm.DateTime'}","{'type': 'edm.datetime', 'm:type': 'Edm.DateTime'}","{'type': 'edm.decimal', 'm:type': 'Edm.Decimal'}",Created-Xactware
uuid:70c7cce7-48e2-46d5-a61e-f7cee2b4ad1b;id=810,2023-05-16T16:32:36Z,"{'type': 'edm.int32', 'm:type': 'Edm.Int32'}","{'type': 'edm.boolean', 'm:type': 'Edm.Boolean'}","{'type': 'edm.boolean', 'm:type': 'Edm.Boolean'}","{'type': 'edm.datetime', 'm:type': 'Edm.DateTime'}","{'type': 'edm.datetime', 'm:type': 'Edm.DateTime'}","{'type': 'edm.decimal', 'm:type': 'Edm.Decimal'}",Allstate Insurance,"{'type': 'edm.datetime', 'm:type': 'Edm.DateTime'}","{'type': 'edm.datetime', 'm:type': 'Edm.DateTime'}","{'type': 'edm.datetime', 'm:type': 'Edm.DateTime'}","{'type': 'edm.decimal', 'm:type': 'Edm.Decimal'}",Created-Xactware
uuid:70c7cce7-48e2-46d5-a61e-f7cee2b4ad1b;id=811,2023-05-16T16:32:36Z,"{'type': 'edm.int32', 'm:type': 'Edm.Int32'}","{'type': 'edm.boolean', 'm:type': 'Edm.Boolean'}","{'type': 'edm.boolean', 'm:type': 'Edm.Boolean'}","{'type': 'edm.datetime', 'm:type': 'Edm.DateTime'}","{'type': 'edm.datetime', 'm:type': 'Edm.DateTime'}","{'type': 'edm.decimal', 'm:type': 'Edm.Decimal'}",Allstate Insurance,"{'type': 'edm.datetime', 'm:type': 'Edm.DateTime'}","{'type': 'edm.datetime', 'm:type': 'Edm.DateTime'}","{'type': 'edm.datetime', 'm:type': 'Edm.DateTime'}","{'type': 'edm.decimal', 'm:type': 'Edm.Decimal'}",Created-Xactware
uuid:70c7cce7-48e2-46d5-a61e-f7cee2b4ad1b;id=812,2023-05-16T16:32:36Z,"{'type': 'edm.int32', 'm:type': 'Edm.Int32'}","{'type': 'edm.boolean', 'm:type': 'Edm.Boolean'}","{'type': 'edm.boolean', 'm:type': 'Edm.Boolean'}","{'type': 'edm.datetime', 'm:type': 'Edm.DateTime'}","{'type': 'edm.datetime', 'm:type': 'Edm.DateTime'}","{'type': 'edm.decimal', 'm:type': 'Edm.Decimal'}",Allstate Insurance,"{'type': 'edm.datetime', 'm:type': 'Edm.DateTime'}","{'type': 'edm.datetime', 'm:type': 'Edm.DateTime'}","{'type': 'edm.datetime', 'm:type': 'Edm.DateTime'}","{'type': 'edm.decimal', 'm:type': 'Edm.Decimal'}",InProcess-UnderReview
uuid:70c7cce7-48e2-46d5-a61e-f7cee2b4ad1b;id=813,2023-05-16T16:32:36Z,"{'type': 'edm.int32', 'm:type': 'Edm.Int32'}","{'type': 'edm.boolean', 'm:type': 'Edm.Boolean'}","{'type': 'edm.boolean', 'm:type': 'Edm.Boolean'}","{'type': 'edm.datetime', 'm:type': 'Edm.DateTime'}","{'type': 'edm.datetime', 'm:type': 'Edm.DateTime'}","{'type': 'edm.decimal', 'm:type': 'Edm.Decimal'}",Allstate Insurance,"{'type': 'edm.datetime', 'm:type': 'Edm.DateTime'}","{'type': 'edm.datetime', 'm:type': 'Edm.DateTime'}","{'type': 'edm.datetime', 'm:type': 'Edm.DateTime'}","{'type': 'edm.decimal', 'm:type': 'Edm.Decimal'}",InProcess-UnderReview
uuid:70c7cce7-48e2-46d5-a61e-f7cee2b4ad1b;id=814,2023-05-16T16:32:36Z,"{'type': 'edm.int32', 'm:type': 'Edm.Int32'}","{'type': 'edm.boolean', 'm:type': 'Edm.Boolean'}","{'type': 'edm.boolean', 'm:type': 'Edm.Boolean'}","{'type': 'edm.datetime', 'm:type': 'Edm.DateTime'}","{'type': 'edm.datetime', 'm:type': 'Edm.DateTime'}","{'type': 'edm.decimal', 'm:type': 'Edm.Decimal'}",Farmers Insurance,"{'type': 'edm.datetime', 'm:type': 'Edm.DateTime'}","{'type': 'edm.datetime', 'm:type': 'Edm.DateTime'}","{'type': 'edm.datetime', 'm:type': 'Edm.DateTime'}","{'type': 'edm.decimal', 'm:type': 'Edm.Decimal'}",Created-Xactware
uuid:70c7cce7-48e2-46d5-a61e-f7cee2b4ad1b;id=815,2023-05-16T16:32:36Z,"{'type': 'edm.int32', 'm:type': 'Edm.Int32'}","{'type': 'edm.boolean', 'm:type': 'Edm.Boolean'}","{'type': 'edm.boolean', 'm:type': 'Edm.Boolean'}","{'type': 'edm.datetime', 'm:type': 'Edm.DateTime'}","{'type': 'edm.datetime', 'm:type': 'Edm.DateTime'}","{'type': 'edm.decimal', 'm:type': 'Edm.Decimal'}",Farmers Insurance,"{'type': 'edm.datetime', 'm:type': 'Edm.DateTime'}","{'type': 'edm.datetime', 'm:type': 'Edm.DateTime'}","{'type': 'edm.datetime', 'm:type': 'Edm.DateTime'}","{'type': 'edm.decimal', 'm:type': 'Edm.Decimal'}",Created-Xactware
uuid:70c7cce7-48e2-46d5-a61e-f7cee2b4ad1b;id=816,2023-05-16T16:32:36Z,"{'type': 'edm.int32', 'm:type': 'Edm.Int32'}","{'type': 'edm.boolean', 'm:type': 'Edm.Boolean'}","{'type': 'edm.boolean', 'm:type': 'Edm.Boolean'}","{'type': 'edm.datetime', 'm:type': 'Edm.DateTime'}","{'type': 'edm.datetime', 'm:type': 'Edm.DateTime'}","{'type': 'edm.decimal', 'm:type': 'Edm.Decimal'}",Farmers Insurance,"{'type': 'edm.datetime', 'm:type': 'Edm.DateTime'}","{'type': 'edm.datetime', 'm:type': 'Edm.DateTime'}","{'type': 'edm.datetime', 'm:type': 'Edm.DateTime'}","{'type': 'edm.decimal', 'm:type': 'Edm.Decimal'}",Created-Xactware
uuid:70c7cce7-48e2-46d5-a61e-f7cee2b4ad1b;id=817,2023-05-16T16:32:36Z,"{'type': 'edm.int32', 'm:type': 'Edm.Int32'}","{'type': 'edm.boolean', 'm:type': 'Edm.Boolean'}","{'type': 'edm.boolean', 'm:type': 'Edm.Boolean'}","{'type': 'edm.datetime', 'm:type': 'Edm.DateTime'}","{'type': 'edm.datetime', 'm:type': 'Edm.DateTime'}","{'type': 'edm.decimal', 'm:type': 'Edm.Decimal'}",Allstate Insurance,"{'type': 'edm.datetime', 'm:type': 'Edm.DateTime'}","{'type': 'edm.datetime', 'm:type': 'Edm.DateTime'}","{'type': 'edm.datetime', 'm:type': 'Edm.DateTime'}","{'type': 'edm.decimal', 'm:type': 'Edm.Decimal'}",Created-Xactware
uuid:70c7cce7-48e2-46d5-a61e-f7cee2b4ad1b;id=818,2023-05-16T16:32:36Z,"{'type': 'edm.int32', 'm:type': 'Edm.Int32'}","{'type': 'edm.boolean', 'm:type': 'Edm.Boolean'}","{'type': 'edm.boolean', 'm:type': 'Edm.Boolean'}","{'type': 'edm.datetime', 'm:type': 'Edm.DateTime'}","{'type': 'edm.datetime', 'm:type': 'Edm.DateTime'}","{'type': 'edm.decimal', 'm:type': 'Edm.Decimal'}",Allstate Insurance,"{'type': 'edm.datetime', 'm:type': 'Edm.DateTime'}","{'type': 'edm.datetime', 'm:type': 'Edm.DateTime'}","{'type': 'edm.datetime', 'm:type': 'Edm.DateTime'}","{'type': 'edm.decimal', 'm:type': 'Edm.Decimal'}",Created-Xactware
uuid:70c7cce7-48e2-46d5-a61e-f7cee2b4ad1b;id=819,2023-05-16T16:32:36Z,"{'type': 'edm.int32', 'm:type': 'Edm.Int32'}","{'type': 'edm.boolean', 'm:type': 'Edm.Boolean'}","{'type': 'edm.boolean', 'm:type': 'Edm.Boolean'}","{'type': 'edm.datetime', 'm:type': 'Edm.DateTime'}","{'type': 'edm.datetime', 'm:type': 'Edm.DateTime'}","{'type': 'edm.decimal', 'm:type': 'Edm.Decimal'}",Farmers Insurance,"{'type': 'edm.datetime', 'm:type': 'Edm.DateTime'}","{'type': 'edm.datetime', 'm:type': 'Edm.DateTime'}","{'type': 'edm.datetime', 'm:type': 'Edm.DateTime'}","{'type': 'edm.decimal', 'm:type': 'Edm.Decimal'}",Created-Xactware
uuid:70c7cce7-48e2-46d5-a61e-f7cee2b4ad1b;id=820,2023-05-16T16:32:36Z,"{'type': 'edm.int32', 'm:type': 'Edm.Int32'}","{'type': 'edm.boolean', 'm:type': 'Edm.Boolean'}","{'type': 'edm.boolean', 'm:type': 'Edm.Boolean'}","{'type': 'edm.datetime', 'm:type': 'Edm.DateTime'}","{'type': 'edm.datetime', 'm:type': 'Edm.DateTime'}","{'type': 'edm.decimal', 'm:type': 'Edm.Decimal'}",Farmers Insurance,"{'type': 'edm.datetime', 'm:type': 'Edm.DateTime'}","{'type': 'edm.datetime', 'm:type': 'Edm.DateTime'}","{'type': 'edm.datetime', 'm:type': 'Edm.DateTime'}","{'type': 'edm.decimal', 'm:type': 'Edm.Decimal'}",Created-Xactware
uuid:70c7cce7-48e2-46d5-a61e-f7cee2b4ad1b;id=821,2023-05-16T16:32:36Z,"{'type': 'edm.int32', 'm:type': 'Edm.Int32'}","{'type': 'edm.boolean', 'm:type': 'Edm.Boolean'}","{'type': 'edm.boolean', 'm:type': 'Edm.Boolean'}","{'type': 'edm.datetime', 'm:type': 'Edm.DateTime'}","{'type': 'edm.datetime', 'm:type': 'Edm.DateTime'}","{'type': 'edm.decimal', 'm:type': 'Edm.Decimal'}",Farmers Insurance,"{'type': 'edm.datetime', 'm:type': 'Edm.DateTime'}","{'type': 'edm.datetime', 'm:type': 'Edm.DateTime'}","{'type': 'edm.datetime', 'm:type': 'Edm.DateTime'}","{'type': 'edm.decimal', 'm:type': 'Edm.Decimal'}",Created-Xactware
uuid:70c7cce7-48e2-46d5-a61e-f7cee2b4ad1b;id=822,2023-05-16T16:32:36Z,"{'type': 'edm.int32', 'm:type': 'Edm.Int32'}","{'type': 'edm.boolean', 'm:type': 'Edm.Boolean'}","{'type': 'edm.boolean', 'm:type': 'Edm.Boolean'}","{'type': 'edm.datetime', 'm:type': 'Edm.DateTime'}","{'type': 'edm.datetime', 'm:type': 'Edm.DateTime'}","{'type': 'edm.decimal', 'm:type': 'Edm.Decimal'}",Allstate Insurance,"{'type': 'edm.datetime', 'm:type': 'Edm.DateTime'}","{'type': 'edm.datetime', 'm:type': 'Edm.DateTime'}","{'type': 'edm.datetime', 'm:type': 'Edm.DateTime'}","{'type': 'edm.decimal', 'm:type': 'Edm.Decimal'}",Created-Xactware
uuid:70c7cce7-48e2-46d5-a61e-f7cee2b4ad1b;id=823,2023-05-16T16:32:36Z,"{'type': 'edm.int32', 'm:type': 'Edm.Int32'}","{'type': 'edm.boolean', 'm:type': 'Edm.Boolean'}","{'type': 'edm.boolean', 'm:type': 'Edm.Boolean'}","{'type': 'edm.datetime', 'm:type': 'Edm.DateTime'}","{'type': 'edm.datetime', 'm:type': 'Edm.DateTime'}","{'type': 'edm.decimal', 'm:type': 'Edm.Decimal'}",Farmers Insurance,"{'type': 'edm.datetime', 'm:type': 'Edm.DateTime'}","{'type': 'edm.datetime', 'm:type': 'Edm.DateTime'}","{'type': 'edm.datetime', 'm:type': 'Edm.DateTime'}","{'type': 'edm.decimal', 'm:type': 'Edm.Decimal'}",Created-Xactware
uuid:70c7cce7-48e2-46d5-a61e-f7cee2b4ad1b;id=824,2023-05-16T16:32:36Z,"{'type': 'edm.int32', 'm:type': 'Edm.Int32'}","{'type': 'edm.boolean', 'm:type': 'Edm.Boolean'}","{'type': 'edm.boolean', 'm:type': 'Edm.Boolean'}","{'type': 'edm.datetime', 'm:type': 'Edm.DateTime'}","{'type': 'edm.datetime', 'm:type': 'Edm.DateTime'}","{'type': 'edm.decimal', 'm:type': 'Edm.Decimal'}",State Farm Insurance,"{'type': 'edm.datetime', 'm:type': 'Edm.DateTime'}","{'type': 'edm.datetime', 'm:type': 'Edm.DateTime'}","{'type': 'edm.datetime', 'm:type': 'Edm.DateTime'}","{'type': 'edm.decimal', 'm:type': 'Edm.Decimal'}",Created-Xactware
uuid:70c7cce7-48e2-46d5-a61e-f7cee2b4ad1b;id=825,2023-05-16T16:32:36Z,"{'type': 'edm.int32', 'm:type': 'Edm.Int32'}","{'type': 'edm.boolean', 'm:type': 'Edm.Boolean'}","{'type': 'edm.boolean', 'm:type': 'Edm.Boolean'}","{'type': 'edm.datetime', 'm:type': 'Edm.DateTime'}","{'type': 'edm.datetime', 'm:type': 'Edm.DateTime'}","{'type': 'edm.decimal', 'm:type': 'Edm.Decimal'}",Farmers Insurance,"{'type': 'edm.datetime', 'm:type': 'Edm.DateTime'}","{'type': 'edm.datetime', 'm:type': 'Edm.DateTime'}","{'type': 'edm.datetime', 'm:type': 'Edm.DateTime'}","{'type': 'edm.decimal', 'm:type': 'Edm.Decimal'}",Created-Xactware
uuid:70c7cce7-48e2-46d5-a61e-f7cee2b4ad1b;id=826,2023-05-16T16:32:36Z,"{'type': 'edm.int32', 'm:type': 'Edm.Int32'}","{'type': 'edm.boolean', 'm:type': 'Edm.Boolean'}","{'type': 'edm.boolean', 'm:type': 'Edm.Boolean'}","{'type': 'edm.datetime', 'm:type': 'Edm.DateTime'}","{'type': 'edm.datetime', 'm:type': 'Edm.DateTime'}","{'type': 'edm.decimal', 'm:type': 'Edm.Decimal'}",Allstate Insurance,"{'type': 'edm.datetime', 'm:type': 'Edm.DateTime'}","{'type': 'edm.datetime', 'm:type': 'Edm.DateTime'}","{'type': 'edm.datetime', 'm:type': 'Edm.DateTime'}","{'type': 'edm.decimal', 'm:type': 'Edm.Decimal'}",Created-Xactware
uuid:70c7cce7-48e2-46d5-a61e-f7cee2b4ad1b;id=827,2023-05-16T16:32:36Z,"{'type': 'edm.int32', 'm:type': 'Edm.Int32'}","{'type': 'edm.boolean', 'm:type': 'Edm.Boolean'}","{'type': 'edm.boolean', 'm:type': 'Edm.Boolean'}","{'type': 'edm.datetime', 'm:type': 'Edm.DateTime'}","{'type': 'edm.datetime', 'm:type': 'Edm.DateTime'}","{'type': 'edm.decimal', 'm:type': 'Edm.Decimal'}",Farmers Insurance,"{'type': 'edm.datetime', 'm:type': 'Edm.DateTime'}","{'type': 'edm.datetime', 'm:type': 'Edm.DateTime'}","{'type': 'edm.datetime', 'm:type': 'Edm.DateTime'}","{'type': 'edm.decimal', 'm:type': 'Edm.Decimal'}",Created-Xactware
uuid:70c7cce7-48e2-46d5-a61e-f7cee2b4ad1b;id=828,2023-05-16T16:32:36Z,"{'type': 'edm.int32', 'm:type': 'Edm.Int32'}","{'type': 'edm.boolean', 'm:type': 'Edm.Boolean'}","{'type': 'edm.boolean', 'm:type': 'Edm.Boolean'}","{'type': 'edm.datetime', 'm:type': 'Edm.DateTime'}","{'type': 'edm.datetime', 'm:type': 'Edm.DateTime'}","{'type': 'edm.decimal', 'm:type': 'Edm.Decimal'}",Farmers Insurance,"{'type': 'edm.datetime', 'm:type': 'Edm.DateTime'}","{'type': 'edm.datetime', 'm:type': 'Edm.DateTime'}","{'type': 'edm.datetime', 'm:type': 'Edm.DateTime'}","{'type': 'edm.decimal', 'm:type': 'Edm.Decimal'}",Created-Xactware
uuid:70c7cce7-48e2-46d5-a61e-f7cee2b4ad1b;id=829,2023-05-16T16:32:36Z,"{'type': 'edm.int32', 'm:type': 'Edm.Int32'}","{'type': 'edm.boolean', 'm:type': 'Edm.Boolean'}","{'type': 'edm.boolean', 'm:type': 'Edm.Boolean'}","{'type': 'edm.datetime', 'm:type': 'Edm.DateTime'}","{'type': 'edm.datetime', 'm:type': 'Edm.DateTime'}","{'type': 'edm.decimal', 'm:type': 'Edm.Decimal'}",Nationwide Insurance,"{'type': 'edm.datetime', 'm:type': 'Edm.DateTime'}","{'type': 'edm.datetime', 'm:type': 'Edm.DateTime'}","{'type': 'edm.datetime', 'm:type': 'Edm.DateTime'}","{'type': 'edm.decimal', 'm:type': 'Edm.Decimal'}",Created-Xactware
uuid:70c7cce7-48e2-46d5-a61e-f7cee2b4ad1b;id=830,2023-05-16T16:32:36Z,"{'type': 'edm.int32', 'm:type': 'Edm.Int32'}","{'type': 'edm.boolean', 'm:type': 'Edm.Boolean'}","{'type': 'edm.boolean', 'm:type': 'Edm.Boolean'}","{'type': 'edm.datetime', 'm:type': 'Edm.DateTime'}","{'type': 'edm.datetime', 'm:type': 'Edm.DateTime'}","{'type': 'edm.decimal', 'm:type': 'Edm.Decimal'}",Farmers Insurance,"{'type': 'edm.datetime', 'm:type': 'Edm.DateTime'}","{'type': 'edm.datetime', 'm:type': 'Edm.DateTime'}","{'type': 'edm.datetime', 'm:type': 'Edm.DateTime'}","{'type': 'edm.decimal', 'm:type': 'Edm.Decimal'}",Created-Xactware
uuid:70c7cce7-48e2-46d5-a61e-f7cee2b4ad1b;id=831,2023-05-16T16:32:36Z,"{'type': 'edm.int32', 'm:type': 'Edm.Int32'}","{'type': 'edm.boolean', 'm:type': 'Edm.Boolean'}","{'type': 'edm.boolean', 'm:type': 'Edm.Boolean'}","{'type': 'edm.datetime', 'm:type': 'Edm.DateTime'}","{'type': 'edm.datetime', 'm:type': 'Edm.DateTime'}","{'type': 'edm.decimal', 'm:type': 'Edm.Decimal'}",Farmers Insurance,"{'type': 'edm.datetime', 'm:type': 'Edm.DateTime'}","{'type': 'edm.datetime', 'm:type': 'Edm.DateTime'}","{'type': 'edm.datetime', 'm:type': 'Edm.DateTime'}","{'type': 'edm.decimal', 'm:type': 'Edm.Decimal'}",Created-Xactware
uuid:70c7cce7-48e2-46d5-a61e-f7cee2b4ad1b;id=832,2023-05-16T16:32:36Z,"{'type': 'edm.int32', 'm:type': 'Edm.Int32'}","{'type': 'edm.boolean', 'm:type': 'Edm.Boolean'}","{'type': 'edm.boolean', 'm:type': 'Edm.Boolean'}","{'type': 'edm.datetime', 'm:type': 'Edm.DateTime'}","{'type': 'edm.datetime', 'm:type': 'Edm.DateTime'}","{'type': 'edm.decimal', 'm:type': 'Edm.Decimal'}",Tesla,"{'type': 'edm.datetime', 'm:type': 'Edm.DateTime'}","{'type': 'edm.datetime', 'm:type': 'Edm.DateTime'}","{'type': 'edm.datetime', 'm:type': 'Edm.DateTime'}","{'type': 'edm.decimal', 'm:type': 'Edm.Decimal'}",Created-Customer
uuid:70c7cce7-48e2-46d5-a61e-f7cee2b4ad1b;id=833,2023-05-16T16:32:36Z,"{'type': 'edm.int32', 'm:type': 'Edm.Int32'}","{'type': 'edm.boolean', 'm:type': 'Edm.Boolean'}","{'type': 'edm.boolean', 'm:type': 'Edm.Boolean'}","{'type': 'edm.datetime', 'm:type': 'Edm.DateTime'}","{'type': 'edm.datetime', 'm:type': 'Edm.DateTime'}","{'type': 'edm.decimal', 'm:type': 'Edm.Decimal'}",Leo Roofing & Construction,"{'type': 'edm.datetime', 'm:type': 'Edm.DateTime'}","{'type': 'edm.datetime', 'm:type': 'Edm.DateTime'}","{'type': 'edm.datetime', 'm:type': 'Edm.DateTime'}","{'type': 'edm.decimal', 'm:type': 'Edm.Decimal'}",InProcess-UnderReview
uuid:70c7cce7-48e2-46d5-a61e-f7cee2b4ad1b;id=834,2023-05-16T16:32:36Z,"{'type': 'edm.int32', 'm:type': 'Edm.Int32'}","{'type': 'edm.boolean', 'm:type': 'Edm.Boolean'}","{'type': 'edm.boolean', 'm:type': 'Edm.Boolean'}","{'type': 'edm.datetime', 'm:type': 'Edm.DateTime'}","{'type': 'edm.datetime', 'm:type': 'Edm.DateTime'}","{'type': 'edm.decimal', 'm:type': 'Edm.Decimal'}",Nationwide Insurance,"{'type': 'edm.datetime', 'm:type': 'Edm.DateTime'}","{'type': 'edm.datetime', 'm:type': 'Edm.DateTime'}","{'type': 'edm.datetime', 'm:type': 'Edm.DateTime'}","{'type': 'edm.decimal', 'm:type': 'Edm.Decimal'}",Created-Lautriv
uuid:70c7cce7-48e2-46d5-a61e-f7cee2b4ad1b;id=835,2023-05-16T16:32:36Z,"{'type': 'edm.int32', 'm:type': 'Edm.Int32'}","{'type': 'edm.boolean', 'm:type': 'Edm.Boolean'}","{'type': 'edm.boolean', 'm:type': 'Edm.Boolean'}","{'type': 'edm.datetime', 'm:type': 'Edm.DateTime'}","{'type': 'edm.datetime', 'm:type': 'Edm.DateTime'}","{'type': 'edm.decimal', 'm:type': 'Edm.Decimal'}",State Farm Insurance,"{'type': 'edm.datetime', 'm:type': 'Edm.DateTime'}","{'type': 'edm.datetime', 'm:type': 'Edm.DateTime'}","{'type': 'edm.datetime', 'm:type': 'Edm.DateTime'}","{'type': 'edm.decimal', 'm:type': 'Edm.Decimal'}",Created-Xactware
uuid:70c7cce7-48e2-46d5-a61e-f7cee2b4ad1b;id=836,2023-05-16T16:32:36Z,"{'type': 'edm.int32', 'm:type': 'Edm.Int32'}","{'type': 'edm.boolean', 'm:type': 'Edm.Boolean'}","{'type': 'edm.boolean', 'm:type': 'Edm.Boolean'}","{'type': 'edm.datetime', 'm:type': 'Edm.DateTime'}","{'type': 'edm.datetime', 'm:type': 'Edm.DateTime'}","{'type': 'edm.decimal', 'm:type': 'Edm.Decimal'}",Tesla,"{'type': 'edm.datetime', 'm:type': 'Edm.DateTime'}","{'type': 'edm.datetime', 'm:type': 'Edm.DateTime'}","{'type': 'edm.datetime', 'm:type': 'Edm.DateTime'}","{'type': 'edm.decimal', 'm:type': 'Edm.Decimal'}",Created-Customer
uuid:70c7cce7-48e2-46d5-a61e-f7cee2b4ad1b;id=837,2023-05-16T16:32:36Z,"{'type': 'edm.int32', 'm:type': 'Edm.Int32'}","{'type': 'edm.boolean', 'm:type': 'Edm.Boolean'}","{'type': 'edm.boolean', 'm:type': 'Edm.Boolean'}","{'type': 'edm.datetime', 'm:type': 'Edm.DateTime'}","{'type': 'edm.datetime', 'm:type': 'Edm.DateTime'}","{'type': 'edm.decimal', 'm:type': 'Edm.Decimal'}",Priority Claims Service,"{'type': 'edm.datetime', 'm:type': 'Edm.DateTime'}","{'type': 'edm.datetime', 'm:type': 'Edm.DateTime'}","{'type': 'edm.datetime', 'm:type': 'Edm.DateTime'}","{'type': 'edm.decimal', 'm:type': 'Edm.Decimal'}",InProcess-UnderReview
uuid:70c7cce7-48e2-46d5-a61e-f7cee2b4ad1b;id=838,2023-05-16T16:32:36Z,"{'type': 'edm.int32', 'm:type': 'Edm.Int32'}","{'type': 'edm.boolean', 'm:type': 'Edm.Boolean'}","{'type': 'edm.boolean', 'm:type': 'Edm.Boolean'}","{'type': 'edm.datetime', 'm:type': 'Edm.DateTime'}","{'type': 'edm.datetime', 'm:type': 'Edm.DateTime'}","{'type': 'edm.decimal', 'm:type': 'Edm.Decimal'}",Farmers Insurance,"{'type': 'edm.datetime', 'm:type': 'Edm.DateTime'}","{'type': 'edm.datetime', 'm:type': 'Edm.DateTime'}","{'type': 'edm.datetime', 'm:type': 'Edm.DateTime'}","{'type': 'edm.decimal', 'm:type': 'Edm.Decimal'}",Created-Xactware
uuid:70c7cce7-48e2-46d5-a61e-f7cee2b4ad1b;id=839,2023-05-16T16:32:36Z,"{'type': 'edm.int32', 'm:type': 'Edm.Int32'}","{'type': 'edm.boolean', 'm:type': 'Edm.Boolean'}","{'type': 'edm.boolean', 'm:type': 'Edm.Boolean'}","{'type': 'edm.datetime', 'm:type': 'Edm.DateTime'}","{'type': 'edm.datetime', 'm:type': 'Edm.DateTime'}","{'type': 'edm.decimal', 'm:type': 'Edm.Decimal'}",State Farm Insurance,"{'type': 'edm.datetime', 'm:type': 'Edm.DateTime'}","{'type': 'edm.datetime', 'm:type': 'Edm.DateTime'}","{'type': 'edm.datetime', 'm:type': 'Edm.DateTime'}","{'type': 'edm.decimal', 'm:type': 'Edm.Decimal'}",Created-Xactware
uuid:70c7cce7-48e2-46d5-a61e-f7cee2b4ad1b;id=840,2023-05-16T16:32:36Z,"{'type': 'edm.int32', 'm:type': 'Edm.Int32'}","{'type': 'edm.boolean', 'm:type': 'Edm.Boolean'}","{'type': 'edm.boolean', 'm:type': 'Edm.Boolean'}","{'type': 'edm.datetime', 'm:type': 'Edm.DateTime'}","{'type': 'edm.datetime', 'm:type': 'Edm.DateTime'}","{'type': 'edm.decimal', 'm:type': 'Edm.Decimal'}",Peachtree Restorations,"{'type': 'edm.datetime', 'm:type': 'Edm.DateTime'}","{'type': 'edm.datetime', 'm:type': 'Edm.DateTime'}","{'type': 'edm.datetime', 'm:type': 'Edm.DateTime'}","{'type': 'edm.decimal', 'm:type': 'Edm.Decimal'}",Created-Xactware
uuid:70c7cce7-48e2-46d5-a61e-f7cee2b4ad1b;id=841,2023-05-16T16:32:36Z,"{'type': 'edm.int32', 'm:type': 'Edm.Int32'}","{'type': 'edm.boolean', 'm:type': 'Edm.Boolean'}","{'type': 'edm.boolean', 'm:type': 'Edm.Boolean'}","{'type': 'edm.datetime', 'm:type': 'Edm.DateTime'}","{'type': 'edm.datetime', 'm:type': 'Edm.DateTime'}","{'type': 'edm.decimal', 'm:type': 'Edm.Decimal'}",Right Above Roofing,"{'type': 'edm.datetime', 'm:type': 'Edm.DateTime'}","{'type': 'edm.datetime', 'm:type': 'Edm.DateTime'}","{'type': 'edm.datetime', 'm:type': 'Edm.DateTime'}","{'type': 'edm.decimal', 'm:type': 'Edm.Decimal'}",Created-Customer
uuid:70c7cce7-48e2-46d5-a61e-f7cee2b4ad1b;id=842,2023-05-16T16:32:36Z,"{'type': 'edm.int32', 'm:type': 'Edm.Int32'}","{'type': 'edm.boolean', 'm:type': 'Edm.Boolean'}","{'type': 'edm.boolean', 'm:type': 'Edm.Boolean'}","{'type': 'edm.datetime', 'm:type': 'Edm.DateTime'}","{'type': 'edm.datetime', 'm:type': 'Edm.DateTime'}","{'type': 'edm.decimal', 'm:type': 'Edm.Decimal'}",APEXteriors,"{'type': 'edm.datetime', 'm:type': 'Edm.DateTime'}","{'type': 'edm.datetime', 'm:type': 'Edm.DateTime'}","{'type': 'edm.datetime', 'm:type': 'Edm.DateTime'}","{'type': 'edm.decimal', 'm:type': 'Edm.Decimal'}",Created-Customer
uuid:70c7cce7-48e2-46d5-a61e-f7cee2b4ad1b;id=843,2023-05-16T16:32:36Z,"{'type': 'edm.int32', 'm:type': 'Edm.Int32'}","{'type': 'edm.boolean', 'm:type': 'Edm.Boolean'}","{'type': 'edm.boolean', 'm:type': 'Edm.Boolean'}","{'type': 'edm.datetime', 'm:type': 'Edm.DateTime'}","{'type': 'edm.datetime', 'm:type': 'Edm.DateTime'}","{'type': 'edm.decimal', 'm:type': 'Edm.Decimal'}",wycklendt,"{'type': 'edm.datetime', 'm:type': 'Edm.DateTime'}","{'type': 'edm.datetime', 'm:type': 'Edm.DateTime'}","{'type': 'edm.datetime', 'm:type': 'Edm.DateTime'}","{'type': 'edm.decimal', 'm:type': 'Edm.Decimal'}",Created-Customer
uuid:70c7cce7-48e2-46d5-a61e-f7cee2b4ad1b;id=844,2023-05-16T16:32:36Z,"{'type': 'edm.int32', 'm:type': 'Edm.Int32'}","{'type': 'edm.boolean', 'm:type': 'Edm.Boolean'}","{'type': 'edm.boolean', 'm:type': 'Edm.Boolean'}","{'type': 'edm.datetime', 'm:type': 'Edm.DateTime'}","{'type': 'edm.datetime', 'm:type': 'Edm.DateTime'}","{'type': 'edm.decimal', 'm:type': 'Edm.Decimal'}",RTM Roofing,"{'type': 'edm.datetime', 'm:type': 'Edm.DateTime'}","{'type': 'edm.datetime', 'm:type': 'Edm.DateTime'}","{'type': 'edm.datetime', 'm:type': 'Edm.DateTime'}","{'type': 'edm.decimal', 'm:type': 'Edm.Decimal'}",Created-Customer
uuid:70c7cce7-48e2-46d5-a61e-f7cee2b4ad1b;id=845,2023-05-16T16:32:36Z,"{'type': 'edm.int32', 'm:type': 'Edm.Int32'}","{'type': 'edm.boolean', 'm:type': 'Edm.Boolean'}","{'type': 'edm.boolean', 'm:type': 'Edm.Boolean'}","{'type': 'edm.datetime', 'm:type': 'Edm.DateTime'}","{'type': 'edm.datetime', 'm:type': 'Edm.DateTime'}","{'type': 'edm.decimal', 'm:type': 'Edm.Decimal'}",YOUNG & Associates,"{'type': 'edm.datetime', 'm:type': 'Edm.DateTime'}","{'type': 'edm.datetime', 'm:type': 'Edm.DateTime'}","{'type': 'edm.datetime', 'm:type': 'Edm.DateTime'}","{'type': 'edm.decimal', 'm:type': 'Edm.Decimal'}",Created-Xactware
uuid:70c7cce7-48e2-46d5-a61e-f7cee2b4ad1b;id=846,2023-05-16T16:32:36Z,"{'type': 'edm.int32', 'm:type': 'Edm.Int32'}","{'type': 'edm.boolean', 'm:type': 'Edm.Boolean'}","{'type': 'edm.boolean', 'm:type': 'Edm.Boolean'}","{'type': 'edm.datetime', 'm:type': 'Edm.DateTime'}","{'type': 'edm.datetime', 'm:type': 'Edm.DateTime'}","{'type': 'edm.decimal', 'm:type': 'Edm.Decimal'}",American Roofing & Siding,"{'type': 'edm.datetime', 'm:type': 'Edm.DateTime'}","{'type': 'edm.datetime', 'm:type': 'Edm.DateTime'}","{'type': 'edm.datetime', 'm:type': 'Edm.DateTime'}","{'type': 'edm.decimal', 'm:type': 'Edm.Decimal'}",Created-Customer
uuid:70c7cce7-48e2-46d5-a61e-f7cee2b4ad1b;id=847,2023-05-16T16:32:36Z,"{'type': 'edm.int32', 'm:type': 'Edm.Int32'}","{'type': 'edm.boolean', 'm:type': 'Edm.Boolean'}","{'type': 'edm.boolean', 'm:type': 'Edm.Boolean'}","{'type': 'edm.datetime', 'm:type': 'Edm.DateTime'}","{'type': 'edm.datetime', 'm:type': 'Edm.DateTime'}","{'type': 'edm.decimal', 'm:type': 'Edm.Decimal'}",Modern Builders Supply,"{'type': 'edm.datetime', 'm:type': 'Edm.DateTime'}","{'type': 'edm.datetime', 'm:type': 'Edm.DateTime'}","{'type': 'edm.datetime', 'm:type': 'Edm.DateTime'}","{'type': 'edm.decimal', 'm:type': 'Edm.Decimal'}",Created-Customer
uuid:70c7cce7-48e2-46d5-a61e-f7cee2b4ad1b;id=848,2023-05-16T16:32:36Z,"{'type': 'edm.int32', 'm:type': 'Edm.Int32'}","{'type': 'edm.boolean', 'm:type': 'Edm.Boolean'}","{'type': 'edm.boolean', 'm:type': 'Edm.Boolean'}","{'type': 'edm.datetime', 'm:type': 'Edm.DateTime'}","{'type': 'edm.datetime', 'm:type': 'Edm.DateTime'}","{'type': 'edm.decimal', 'm:type': 'Edm.Decimal'}",itrconstruction llc,"{'type': 'edm.datetime', 'm:type': 'Edm.DateTime'}","{'type': 'edm.datetime', 'm:type': 'Edm.DateTime'}","{'type': 'edm.datetime', 'm:type': 'Edm.DateTime'}","{'type': 'edm.decimal', 'm:type': 'Edm.Decimal'}",Created-Customer
uuid:70c7cce7-48e2-46d5-a61e-f7cee2b4ad1b;id=849,2023-05-16T16:32:36Z,"{'type': 'edm.int32', 'm:type': 'Edm.Int32'}","{'type': 'edm.boolean', 'm:type': 'Edm.Boolean'}","{'type': 'edm.boolean', 'm:type': 'Edm.Boolean'}","{'type': 'edm.datetime', 'm:type': 'Edm.DateTime'}","{'type': 'edm.datetime', 'm:type': 'Edm.DateTime'}","{'type': 'edm.decimal', 'm:type': 'Edm.Decimal'}",Highwood Roofing,"{'type': 'edm.datetime', 'm:type': 'Edm.DateTime'}","{'type': 'edm.datetime', 'm:type': 'Edm.DateTime'}","{'type': 'edm.datetime', 'm:type': 'Edm.DateTime'}","{'type': 'edm.decimal', 'm:type': 'Edm.Decimal'}",Created-Customer
uuid:70c7cce7-48e2-46d5-a61e-f7cee2b4ad1b;id=850,2023-05-16T16:32:36Z,"{'type': 'edm.int32', 'm:type': 'Edm.Int32'}","{'type': 'edm.boolean', 'm:type': 'Edm.Boolean'}","{'type': 'edm.boolean', 'm:type': 'Edm.Boolean'}","{'type': 'edm.datetime', 'm:type': 'Edm.DateTime'}","{'type': 'edm.datetime', 'm:type': 'Edm.DateTime'}","{'type': 'edm.decimal', 'm:type': 'Edm.Decimal'}",Farmers Insurance,"{'type': 'edm.datetime', 'm:type': 'Edm.DateTime'}","{'type': 'edm.datetime', 'm:type': 'Edm.DateTime'}","{'type': 'edm.datetime', 'm:type': 'Edm.DateTime'}","{'type': 'edm.decimal', 'm:type': 'Edm.Decimal'}",Created-Xactware
